Metric,vs Greedy,vs Water-Filling,vs Dinkelbach
SE Gain (%),24.27472699544556,16.755910739040868,0.4181422917086818
EE Gain (%),24.274726995444542,16.755910735797805,0.4181422917078405
