{
  "DRL": {
    "SE": [
      25.842007773916176,
      26.129723944414728,
      25.566930840420078,
      26.60200762061693,
      25.185584912620108,
      26.08455469060104,
      25.795414194586495,
      25.870605231347312,
      26.024291310699663,
      25.947174956795994,
      25.70471328007327,
      25.63594247368549,
      25.342328575108453,
      25.936876666009177,
      25.603795738509447,
      25.541916092453416,
      25.69712997711206,
      25.725901244342054,
      26.182487266116464,
      25.957517557451194,
      25.7483994022342
    ],
    "EE": [
      4345635.520211736,
      4394018.355678559,
      4299378.120111495,
      4473438.373537702,
      4235250.347074897,
      4386422.61793591,
      4337800.265493128,
      4350444.5167838195,
      4376288.626546442,
      4363320.610684638,
      4322547.847055958,
      4310983.232510258,
      4261608.625163684,
      4361588.832773563,
      4305577.383419042,
      4295171.597992777,
      4321272.626067052,
      4326110.850787438,
      4402891.124658331,
      4365059.839817752,
      4329894.178883722
    ]
  },
  "Greedy": {
    "SE": [
      20.55213278014292,
      20.553151358836836,
      20.552639490814,
      20.552291343219068,
      20.552197639756,
      20.55208641689343,
      20.551932288715236,
      20.551914252299007,
      20.551899333308896,
      20.552618652696836,
      20.551541741611658,
      20.552474521252524,
      20.55224250452514,
      20.550176673449965,
      20.551999627535928,
      20.55278390866188,
      20.55193859037542,
      20.552564299813724,
      20.552287491918015,
      20.552197839825197,
      20.552701873563286
    ],
    "EE": [
      3456081.238225058,
      3456252.524132529,
      3456166.4475443168,
      3456107.90245881,
      3456092.145126754,
      3456073.441702992,
      3456047.5232491437,
      3456044.490215035,
      3456041.9814125495,
      3456162.9433714626,
      3455981.848190905,
      3456138.7059852104,
      3456099.6896618414,
      3455752.2960313773,
      3456058.847058565,
      3456190.7330926764,
      3456048.5829469264,
      3456153.8032991625,
      3456107.2548175426,
      3456092.178770727,
      3456176.93793243
    ]
  },
  "WaterFilling": {
    "SE": [
      21.878893485948495,
      21.8788259825206,
      21.879747005607854,
      21.876793055404114,
      21.876892369592547,
      21.87578684178254,
      21.877148151336968,
      21.875285463009604,
      21.87519887594841,
      21.87795657879884,
      21.87659306329873,
      21.87932692298407,
      21.874995984310257,
      21.877755723042778,
      21.875298954673735,
      21.876336650348875,
      21.877774003676542,
      21.876515189538054,
      21.87290251640194,
      21.873510034288007,
      21.877736158099015
    ],
    "EE": [
      3679191.551394028,
      3679180.1998937945,
      3679335.0806861008,
      3678838.3394266246,
      3678855.04061671,
      3678669.132864467,
      3678898.053094023,
      3678584.820183136,
      3678570.2595931315,
      3679033.9996162714,
      3678804.708505382,
      3679264.438894115,
      3678536.1410844885,
      3679000.223246569,
      3678587.0888247443,
      3678761.5898197615,
      3679003.297375427,
      3678791.6132508214,
      3678184.1001320453,
      3678286.2613221784,
      3678996.9333130573
    ]
  },
  "Dinkelbach": {
    "SE": [
      25.378901013448175,
      26.08792370893375,
      25.312479075671234,
      24.7972654668037,
      24.877867756978972,
      28.07400801289034,
      26.246968468935343,
      25.623252920388197,
      26.18308638017668,
      25.951546486304554,
      25.171339286487164,
      24.266694190579436,
      27.213543831577724,
      25.424952351445715,
      25.02078831849071,
      25.435559262046176,
      25.928533820474378,
      25.61822233810795,
      24.646459078626748,
      26.133670193455647,
      25.830536380785837
    ],
    "EE": [
      4267758.707947546,
      4386989.157728944,
      4256589.083100667,
      4169949.8955120337,
      4183504.112284215,
      4720972.436927568,
      4413734.392248379,
      4308849.335870884,
      4402991.872687064,
      4364055.734444263,
      4232854.77860856,
      4080728.1367332325,
      4576275.332008485,
      4275502.778451129,
      4207537.8744480405,
      4277286.454389484,
      4360185.885827185,
      4308003.384688004,
      4144590.03946408,
      4394681.963558985,
      4343706.471436242
    ]
  },
  "SNR_dB": [
    -10,
    -8,
    -6,
    -4,
    -2,
    0,
    2,
    4,
    6,
    8,
    10,
    12,
    14,
    16,
    18,
    20,
    22,
    24,
    26,
    28,
    30
  ]
}